,Sample.Case,Virus,Sample.Type,County,Town,Date,latitude,longitude
519,63,WNV,Mosquito,Dukes,West Tisbury,8/30/22,41.381005,-70.6744926
13,13,WNV,Mosquito,Dukes,Edgartown,7/9/24,41.3894198,-70.5129682
396,396,WNV,Mosquito,Dukes,Edgartown,9/3/24,41.3894198,-70.5129682
463,7,WNV,Mosquito,Dukes,Edgartown,7/26/22,41.3894198,-70.5129682
493,37,WNV,Mosquito,Dukes,Edgartown,8/16/22,41.3894198,-70.5129682
507,51,WNV,Mosquito,Dukes,Edgartown,8/23/22,41.3894198,-70.5129682
84,84,WNV,Mosquito,Barnstable,Falmouth,7/30/24,41.5514979,-70.6147519
164,164,WNV,Mosquito,Barnstable,Falmouth,8/6/24,41.5514979,-70.6147519
405,405,WNV,Mosquito,Barnstable,Falmouth,9/4/24,41.5514979,-70.6147519
252,252,EEE,Mosquito,Bristol,Westport,8/12/24,41.6220399,-71.0780195
366,366,WNV,Mosquito,Bristol,Westport,8/27/24,41.6220399,-71.0780195
367,367,WNV,Mosquito,Bristol,Westport,8/27/24,41.6220399,-71.0780195
373,373,EEE,Mosquito,Bristol,Westport,8/29/24,41.6220399,-71.0780195
397,397,WNV,Mosquito,Bristol,Westport,9/3/24,41.6220399,-71.0780195
742,178,WNV,Mosquito,Bristol,Westport,9/25/23,41.6220399,-71.0780195
27,27,WNV,Mosquito,Bristol,Dartmouth,7/17/24,41.6332267,-70.9879928
133,133,WNV,Mosquito,Bristol,Dartmouth,7/31/24,41.6332267,-70.9879928
67,67,WNV,Mosquito,Bristol,New Bedford,7/24/24,41.6362152,-70.934205
132,132,WNV,Mosquito,Bristol,New Bedford,7/31/24,41.6362152,-70.934205
262,262,WNV,Mosquito,Bristol,New Bedford,8/12/24,41.6362152,-70.934205
305,305,WNV,Mosquito,Bristol,New Bedford,8/14/24,41.6362152,-70.934205
340,340,WNV,Mosquito,Bristol,New Bedford,8/21/24,41.6362152,-70.934205
351,351,EEE,Mosquito,Bristol,New Bedford,8/26/24,41.6362152,-70.934205
352,352,EEE,Mosquito,Bristol,New Bedford,8/26/24,41.6362152,-70.934205
26,26,WNV,Mosquito,Bristol,Fairhaven,7/17/24,41.6376043,-70.9036487
66,66,WNV,Mosquito,Bristol,Fairhaven,7/24/24,41.6376043,-70.9036487
199,199,WNV,Mosquito,Plymouth,Mattapoisett,8/6/24,41.6580466,-70.8135195
200,200,WNV,Mosquito,Plymouth,Mattapoisett,8/6/24,41.6580466,-70.8135195
201,201,WNV,Mosquito,Plymouth,Mattapoisett,8/6/24,41.6580466,-70.8135195
202,202,WNV,Mosquito,Plymouth,Mattapoisett,8/6/24,41.6580466,-70.8135195
203,203,WNV,Mosquito,Plymouth,Mattapoisett,8/6/24,41.6580466,-70.8135195
310,310,WNV,Mosquito,Plymouth,Mattapoisett,8/18/24,41.6580466,-70.8135195
345,345,WNV,Mosquito,Plymouth,Mattapoisett,8/20/24,41.6580466,-70.8135195
384,384,EEE,Mosquito,Plymouth,Mattapoisett,8/29/24,41.6580466,-70.8135195
385,385,EEE,Mosquito,Plymouth,Mattapoisett,8/29/24,41.6580466,-70.8135195
198,198,WNV,Mosquito,Plymouth,Marion,8/6/24,41.7001043,-70.7628129
311,311,EEE,Mosquito,Plymouth,Marion,8/18/24,41.7001043,-70.7628129
523,67,WNV,Mosquito,Plymouth,Marion,8/26/22,41.7001043,-70.7628129
699,140,WNV,Mosquito,Plymouth,Marion,9/13/23,41.7001043,-70.7628129
700,141,WNV,Mosquito,Plymouth,Marion,9/13/23,41.7001043,-70.7628129
537,81,WNV,Mosquito,Bristol,Fall River,9/1/22,41.7010642,-71.1546367
677,118,WNV,Mosquito,Bristol,Fall River,9/7/23,41.7010642,-71.1546367
46,46,EEE,Mosquito,Barnstable,Barnstable,7/23/24,41.7016936,-70.3036163
355,355,WNV,Mosquito,Barnstable,Barnstable,8/27/24,41.7016936,-70.3036163
652,93,WNV,Mosquito,Barnstable,Barnstable,8/24/23,41.7016936,-70.3036163
163,163,WNV,Mosquito,Barnstable,Yarmouth,8/6/24,41.7056656,-70.2286314
273,273,WNV,Mosquito,Barnstable,Yarmouth,8/13/24,41.7056656,-70.2286314
377,377,WNV,Mosquito,Barnstable,Yarmouth,8/29/24,41.7056656,-70.2286314
108,108,WNV,Mosquito,Plymouth,Rochester,7/30/24,41.7317247,-70.820299
109,109,WNV,Mosquito,Plymouth,Rochester,7/30/24,41.7317247,-70.820299
110,110,WNV,Mosquito,Plymouth,Rochester,7/30/24,41.7317247,-70.820299
111,111,WNV,Mosquito,Plymouth,Rochester,7/30/24,41.7317247,-70.820299
112,112,WNV,Mosquito,Plymouth,Rochester,7/30/24,41.7317247,-70.820299
247,247,WNV,Mosquito,Plymouth,Rochester,8/6/24,41.7317247,-70.820299
248,248,WNV,Mosquito,Plymouth,Rochester,8/6/24,41.7317247,-70.820299
337,337,EEE,Mosquito,Plymouth,Rochester,8/20/24,41.7317247,-70.820299
338,338,EEE,Mosquito,Plymouth,Rochester,8/20/24,41.7317247,-70.820299
161,161,WNV,Mosquito,Barnstable,Dennis,7/31/24,41.7353872,-70.1939087
162,162,WNV,Mosquito,Barnstable,Dennis,8/1/24,41.7353872,-70.1939087
328,328,WNV,Mosquito,Barnstable,Dennis,8/15/24,41.7353872,-70.1939087
68,68,WNV,Mosquito,Bristol,Swansea,7/25/24,41.7481575,-71.1897684
458,2,WNV,Mosquito,Barnstable,Sandwich,7/15/22,41.7579043,-70.4968152
102,102,EEE,Mosquito,Plymouth,Wareham,7/30/24,41.7626037,-70.7217017
118,118,WNV,Mosquito,Plymouth,Wareham,7/30/24,41.7626037,-70.7217017
522,66,WNV,Mosquito,Plymouth,Wareham,8/26/22,41.7626037,-70.7217017
186,186,WNV,Mosquito,Bristol,Freetown,8/6/24,41.7950262,-71.0676389
304,304,WNV,Mosquito,Bristol,Freetown,8/13/24,41.7950262,-71.0676389
431,431,EEE,Mosquito,Bristol,Freetown,9/10/24,41.7950262,-71.0676389
702,144,WNV,Mosquito,Bristol,Freetown,9/12/23,41.7950262,-71.0676389
704,146,WNV,Mosquito,Bristol,Freetown,9/12/23,41.7950262,-71.0676389
728,170,WNV,Mosquito,Bristol,Freetown,9/19/23,41.7950262,-71.0676389
28,28,WNV,Mosquito,Bristol,Seekonk,7/18/24,41.808434,-71.3369973
29,29,WNV,Mosquito,Bristol,Seekonk,7/18/24,41.808434,-71.3369973
134,134,WNV,Mosquito,Bristol,Seekonk,8/1/24,41.808434,-71.3369973
135,135,WNV,Mosquito,Bristol,Seekonk,8/1/24,41.808434,-71.3369973
306,306,WNV,Mosquito,Bristol,Dighton,8/15/24,41.8144903,-71.1196148
653,94,WNV,Mosquito,Barnstable,Eastham,8/24/23,41.8301081,-69.973907
736,172,EEE,Mosquito,Bristol,Rehoboth,9/25/23,41.8403786,-71.2494938
536,80,WNV,Mosquito,Bristol,Berkley,8/29/22,41.8459347,-71.0828222
676,117,WNV,Mosquito,Bristol,Berkley,9/6/23,41.8459347,-71.0828222
726,168,WNV,Mosquito,Bristol,Berkley,9/19/23,41.8459347,-71.0828222
727,169,WNV,Mosquito,Bristol,Berkley,9/19/23,41.8459347,-71.0828222
3,3,EEE,Mosquito,Plymouth,Carver,7/1/24,41.8834363,-70.7625376
4,4,EEE,Mosquito,Plymouth,Carver,7/1/24,41.8834363,-70.7625376
5,5,EEE,Mosquito,Plymouth,Carver,7/1/24,41.8834363,-70.7625376
6,6,EEE,Mosquito,Plymouth,Carver,7/1/24,41.8834363,-70.7625376
7,7,EEE,Mosquito,Plymouth,Carver,7/1/24,41.8834363,-70.7625376
8,8,EEE,Mosquito,Plymouth,Carver,7/1/24,41.8834363,-70.7625376
20,20,EEE,Mosquito,Plymouth,Carver,7/15/24,41.8834363,-70.7625376
37,37,EEE,Mosquito,Plymouth,Carver,7/22/24,41.8834363,-70.7625376
38,38,EEE,Mosquito,Plymouth,Carver,7/22/24,41.8834363,-70.7625376
39,39,EEE,Mosquito,Plymouth,Carver,7/22/24,41.8834363,-70.7625376
40,40,EEE,Mosquito,Plymouth,Carver,7/22/24,41.8834363,-70.7625376
41,41,EEE,Mosquito,Plymouth,Carver,7/22/24,41.8834363,-70.7625376
157,157,EEE,Mosquito,Plymouth,Carver,8/5/24,41.8834363,-70.7625376
158,158,EEE,Mosquito,Plymouth,Carver,8/5/24,41.8834363,-70.7625376
159,159,EEE,Mosquito,Plymouth,Carver,8/5/24,41.8834363,-70.7625376
160,160,EEE,Mosquito,Plymouth,Carver,8/5/24,41.8834363,-70.7625376
249,249,EEE,Mosquito,Plymouth,Carver,8/12/24,41.8834363,-70.7625376
250,250,EEE,Mosquito,Plymouth,Carver,8/12/24,41.8834363,-70.7625376
251,251,EEE,Mosquito,Plymouth,Carver,8/12/24,41.8834363,-70.7625376
317,317,EEE,Mosquito,Plymouth,Carver,8/19/24,41.8834363,-70.7625376
318,318,EEE,Mosquito,Plymouth,Carver,8/19/24,41.8834363,-70.7625376
319,319,EEE,Mosquito,Plymouth,Carver,8/19/24,41.8834363,-70.7625376
320,320,EEE,Mosquito,Plymouth,Carver,8/19/24,41.8834363,-70.7625376
388,388,EEE,Mosquito,Plymouth,Carver,9/2/24,41.8834363,-70.7625376
389,389,EEE,Mosquito,Plymouth,Carver,9/2/24,41.8834363,-70.7625376
446,446,EEE,Animal,Plymouth,Carver,9/18/24,41.8834363,-70.7625376
483,27,WNV,Mosquito,Plymouth,Carver,8/8/22,41.8834363,-70.7625376
545,89,WNV,Mosquito,Plymouth,Carver,9/7/22,41.8834363,-70.7625376
625,66,WNV,Mosquito,Plymouth,Carver,8/21/23,41.8834363,-70.7625376
626,67,WNV,Mosquito,Plymouth,Carver,8/21/23,41.8834363,-70.7625376
627,68,WNV,Mosquito,Plymouth,Carver,8/21/23,41.8834363,-70.7625376
628,69,WNV,Mosquito,Plymouth,Carver,8/21/23,41.8834363,-70.7625376
629,70,WNV,Mosquito,Plymouth,Carver,8/21/23,41.8834363,-70.7625376
630,71,WNV,Mosquito,Plymouth,Carver,8/21/23,41.8834363,-70.7625376
706,148,WNV,Mosquito,Plymouth,Carver,9/18/23,41.8834363,-70.7625376
707,149,WNV,Mosquito,Plymouth,Carver,9/18/23,41.8834363,-70.7625376
22,22,WNV,Mosquito,Plymouth,Middleborough,7/16/24,41.8931576,-70.9111517
23,23,WNV,Mosquito,Plymouth,Middleborough,7/16/24,41.8931576,-70.9111517
82,82,WNV,Mosquito,Plymouth,Middleborough,7/29/24,41.8931576,-70.9111517
95,95,EEE,Mosquito,Plymouth,Middleborough,7/23/24,41.8931576,-70.9111517
96,96,EEE,Mosquito,Plymouth,Middleborough,7/23/24,41.8931576,-70.9111517
97,97,EEE,Mosquito,Plymouth,Middleborough,7/23/24,41.8931576,-70.9111517
98,98,EEE,Mosquito,Plymouth,Middleborough,7/23/24,41.8931576,-70.9111517
99,99,EEE,Mosquito,Plymouth,Middleborough,7/23/24,41.8931576,-70.9111517
100,100,EEE,Mosquito,Plymouth,Middleborough,7/23/24,41.8931576,-70.9111517
101,101,EEE,Mosquito,Plymouth,Middleborough,7/23/24,41.8931576,-70.9111517
107,107,WNV,Mosquito,Plymouth,Middleborough,7/30/24,41.8931576,-70.9111517
204,204,EEE,Mosquito,Plymouth,Middleborough,8/6/24,41.8931576,-70.9111517
205,205,EEE,Mosquito,Plymouth,Middleborough,8/6/24,41.8931576,-70.9111517
206,206,WNV,Mosquito,Plymouth,Middleborough,8/6/24,41.8931576,-70.9111517
207,207,EEE,Mosquito,Plymouth,Middleborough,8/6/24,41.8931576,-70.9111517
208,208,EEE,Mosquito,Plymouth,Middleborough,8/6/24,41.8931576,-70.9111517
209,209,EEE,Mosquito,Plymouth,Middleborough,8/6/24,41.8931576,-70.9111517
210,210,WNV,Mosquito,Plymouth,Middleborough,8/6/24,41.8931576,-70.9111517
298,298,EEE,Mosquito,Plymouth,Middleborough,8/13/24,41.8931576,-70.9111517
299,299,EEE,Mosquito,Plymouth,Middleborough,8/13/24,41.8931576,-70.9111517
300,300,EEE,Mosquito,Plymouth,Middleborough,8/13/24,41.8931576,-70.9111517
301,301,EEE,Mosquito,Plymouth,Middleborough,8/13/24,41.8931576,-70.9111517
302,302,WNV,Mosquito,Plymouth,Middleborough,8/13/24,41.8931576,-70.9111517
307,307,WNV,Mosquito,Plymouth,Middleborough,8/13/24,41.8931576,-70.9111517
339,339,EEE,Mosquito,Plymouth,Middleborough,8/20/24,41.8931576,-70.9111517
346,346,WNV,Mosquito,Plymouth,Middleborough,8/23/24,41.8931576,-70.9111517
369,369,EEE,Animal,Plymouth,Middleborough,8/24/24,41.8931576,-70.9111517
382,382,WNV,Mosquito,Plymouth,Middleborough,8/29/24,41.8931576,-70.9111517
383,383,EEE,Mosquito,Plymouth,Middleborough,8/29/24,41.8931576,-70.9111517
497,41,WNV,Mosquito,Plymouth,Middleborough,8/16/22,41.8931576,-70.9111517
554,98,WNV,Mosquito,Plymouth,Middleborough,9/20/22,41.8931576,-70.9111517
599,40,WNV,Mosquito,Plymouth,Middleborough,8/8/23,41.8931576,-70.9111517
606,47,WNV,Mosquito,Plymouth,Middleborough,8/14/23,41.8931576,-70.9111517
661,102,WNV,Mosquito,Plymouth,Middleborough,8/22/23,41.8931576,-70.9111517
745,181,WNV,Mosquito,Plymouth,Middleborough,9/20/23,41.8931576,-70.9111517
183,183,WNV,Mosquito,Bristol,Taunton,8/6/24,41.9019257,-71.0931485
184,184,EEE,Mosquito,Bristol,Taunton,8/6/24,41.9019257,-71.0931485
147,147,EEE,Animal,Plymouth,Plymouth,7/30/24,41.9426657,-70.7618592
211,211,WNV,Mosquito,Plymouth,Plymouth,8/7/24,41.9426657,-70.7618592
212,212,WNV,Mosquito,Plymouth,Plymouth,8/7/24,41.9426657,-70.7618592
213,213,WNV,Mosquito,Plymouth,Plymouth,8/7/24,41.9426657,-70.7618592
214,214,WNV,Mosquito,Plymouth,Plymouth,8/7/24,41.9426657,-70.7618592
293,293,EEE,Mosquito,Plymouth,Plymouth,8/13/24,41.9426657,-70.7618592
294,294,EEE,Mosquito,Plymouth,Plymouth,8/13/24,41.9426657,-70.7618592
295,295,EEE,Mosquito,Plymouth,Plymouth,8/13/24,41.9426657,-70.7618592
296,296,EEE,Mosquito,Plymouth,Plymouth,8/13/24,41.9426657,-70.7618592
297,297,EEE,Mosquito,Plymouth,Plymouth,8/13/24,41.9426657,-70.7618592
418,418,EEE,Mosquito,Plymouth,Plymouth,9/5/24,41.9426657,-70.7618592
716,158,WNV,Mosquito,Plymouth,Plymouth,9/20/23,41.9426657,-70.7618592
717,159,WNV,Mosquito,Plymouth,Plymouth,9/20/23,41.9426657,-70.7618592
30,30,WNV,Mosquito,Bristol,Attleboro,7/19/24,41.9439695,-71.2804301
407,407,WNV,Mosquito,Bristol,Attleboro,9/6/24,41.9439695,-71.2804301
479,23,WNV,Mosquito,Bristol,Attleboro,8/5/22,41.9439695,-71.2804301
512,56,WNV,Mosquito,Bristol,Attleboro,8/26/22,41.9439695,-71.2804301
15,15,WNV,Mosquito,Bristol,Raynham,7/9/24,41.9487118,-71.0731008
321,321,EEE,Mosquito,Bristol,Raynham,8/19/24,41.9487118,-71.0731008
600,41,WNV,Mosquito,Bristol,Raynham,8/8/23,41.9487118,-71.0731008
605,46,WNV,Mosquito,Bristol,Raynham,8/14/23,41.9487118,-71.0731008
708,150,WNV,Mosquito,Bristol,Raynham,9/18/23,41.9487118,-71.0731008
709,151,WNV,Mosquito,Bristol,Raynham,9/18/23,41.9487118,-71.0731008
710,152,WNV,Mosquito,Bristol,Raynham,9/18/23,41.9487118,-71.0731008
711,153,WNV,Mosquito,Bristol,Raynham,9/18/23,41.9487118,-71.0731008
738,174,WNV,Mosquito,Bristol,Raynham,9/25/23,41.9487118,-71.0731008
739,175,EEE,Mosquito,Bristol,Raynham,9/25/23,41.9487118,-71.0731008
740,176,EEE,Mosquito,Bristol,Raynham,9/25/23,41.9487118,-71.0731008
741,177,EEE,Mosquito,Bristol,Raynham,9/25/23,41.9487118,-71.0731008
527,71,WNV,Mosquito,Plymouth,Plympton,8/30/22,41.9528802,-70.8144837
65,65,WNV,Mosquito,Bristol,Norton,7/23/24,41.9667666,-71.1869939
131,131,WNV,Mosquito,Bristol,Norton,7/30/24,41.9667666,-71.1869939
185,185,WNV,Mosquito,Bristol,Norton,8/8/24,41.9667666,-71.1869939
430,430,WNV,Mosquito,Bristol,Norton,9/10/24,41.9667666,-71.1869939
556,100,WNV,Mosquito,Bristol,Norton,9/20/22,41.9667666,-71.1869939
612,53,WNV,Mosquito,Bristol,Norton,8/15/23,41.9667666,-71.1869939
136,136,WNV,Mosquito,Bristol,North Attleborough,8/2/24,41.9841334,-71.3322798
341,341,WNV,Mosquito,Bristol,North Attleborough,8/23/24,41.9841334,-71.3322798
62,62,WNV,Mosquito,Plymouth,Bridgewater,7/23/24,41.9902206,-70.9754432
11,11,EEE,Mosquito,Plymouth,Halifax,7/8/24,41.9909554,-70.8620224
106,106,WNV,Mosquito,Plymouth,Halifax,7/23/24,41.9909554,-70.8620224
316,316,EEE,Mosquito,Plymouth,Halifax,8/19/24,41.9909554,-70.8620224
350,350,EEE,Mosquito,Plymouth,Halifax,8/26/24,41.9909554,-70.8620224
368,368,EEE,Mosquito,Plymouth,Halifax,8/27/24,41.9909554,-70.8620224
374,374,WNV,Mosquito,Plymouth,Halifax,8/29/24,41.9909554,-70.8620224
425,425,EEE,Mosquito,Plymouth,Halifax,9/9/24,41.9909554,-70.8620224
529,73,WNV,Mosquito,Plymouth,Halifax,8/30/22,41.9909554,-70.8620224
552,96,WNV,Mosquito,Plymouth,Halifax,9/19/22,41.9909554,-70.8620224
585,26,WNV,Mosquito,Plymouth,Halifax,8/7/23,41.9909554,-70.8620224
618,59,WNV,Mosquito,Plymouth,Halifax,8/15/23,41.9909554,-70.8620224
619,60,WNV,Mosquito,Plymouth,Halifax,8/15/23,41.9909554,-70.8620224
620,61,WNV,Mosquito,Plymouth,Halifax,8/15/23,41.9909554,-70.8620224
624,65,WNV,Mosquito,Plymouth,Halifax,8/21/23,41.9909554,-70.8620224
687,128,WNV,Mosquito,Plymouth,Halifax,9/11/23,41.9909554,-70.8620224
10,10,EEE,Mosquito,Plymouth,Kingston,7/8/24,41.9945473,-70.7244822
36,36,WNV,Mosquito,Plymouth,Kingston,7/22/24,41.9945473,-70.7244822
83,83,EEE,Mosquito,Plymouth,Kingston,7/29/24,41.9945473,-70.7244822
289,289,WNV,Mosquito,Plymouth,Kingston,8/13/24,41.9945473,-70.7244822
290,290,WNV,Mosquito,Plymouth,Kingston,8/13/24,41.9945473,-70.7244822
584,25,WNV,Mosquito,Plymouth,Kingston,8/7/23,41.9945473,-70.7244822
622,63,WNV,Mosquito,Plymouth,Kingston,8/17/23,41.9945473,-70.7244822
648,89,WNV,Mosquito,Plymouth,Kingston,8/28/23,41.9945473,-70.7244822
649,90,WNV,Mosquito,Plymouth,Kingston,8/28/23,41.9945473,-70.7244822
686,127,WNV,Mosquito,Plymouth,Kingston,9/11/23,41.9945473,-70.7244822
734,170,WNV,Mosquito,Plymouth,Kingston,9/25/23,41.9945473,-70.7244822
16,16,WNV,Mosquito,Worcester,Blackstone,7/9/24,42.0178352,-71.5411133
253,253,WNV,Mosquito,Worcester,Blackstone,8/6/24,42.0178352,-71.5411133
386,386,EEE,Mosquito,Plymouth,West Bridgewater,8/29/24,42.0191056,-71.0076743
387,387,WNV,Mosquito,Plymouth,West Bridgewater,8/29/24,42.0191056,-71.0076743
64,64,WNV,Mosquito,Bristol,Easton,7/23/24,42.0245442,-71.1286594
156,156,WNV,Mosquito,Bristol,Easton,8/5/24,42.0245442,-71.1286594
457,1,WNV,Mosquito,Bristol,Easton,7/11/22,42.0245442,-71.1286594
581,22,WNV,Mosquito,Bristol,Easton,8/1/23,42.0245442,-71.1286594
601,42,WNV,Mosquito,Bristol,Easton,8/8/23,42.0245442,-71.1286594
632,73,WNV,Mosquito,Bristol,Easton,8/21/23,42.0245442,-71.1286594
633,74,WNV,Mosquito,Bristol,Easton,8/21/23,42.0245442,-71.1286594
703,145,WNV,Mosquito,Bristol,Easton,9/12/23,42.0245442,-71.1286594
737,173,EEE,Mosquito,Bristol,Easton,9/25/23,42.0245442,-71.1286594
746,182,EEE,Mosquito,Bristol,Easton,9/26/23,42.0245442,-71.1286594
662,103,WNV,Mosquito,Bristol,Mansfield,9/1/23,42.0334326,-71.2189405
215,215,WNV,Mosquito,Plymouth,East Bridgewater,8/6/24,42.0334341,-70.9592096
216,216,WNV,Mosquito,Plymouth,East Bridgewater,8/6/24,42.0334341,-70.9592096
217,217,WNV,Mosquito,Plymouth,East Bridgewater,8/6/24,42.0334341,-70.9592096
292,292,WNV,Mosquito,Plymouth,East Bridgewater,8/13/24,42.0334341,-70.9592096
456,456,EEE,Animal,Plymouth,East Bridgewater,9/21/24,42.0334341,-70.9592096
155,155,WNV,Mosquito,Plymouth,Duxbury,7/30/24,42.0417695,-70.672259
322,322,EEE,Mosquito,Worcester,Dudley,8/19/24,42.0482247,-71.8901043
323,323,EEE,Mosquito,Worcester,Dudley,8/19/24,42.0482247,-71.8901043
378,378,EEE,Mosquito,Barnstable,Provincetown,8/29/24,42.0525612,-70.1858639
379,379,EEE,Mosquito,Barnstable,Provincetown,8/29/24,42.0525612,-70.1858639
713,155,EEE,Mosquito,Barnstable,Provincetown,9/14/23,42.0525612,-70.1858639
656,97,EEE,Mosquito,Worcester,Douglas,8/30/23,42.0535947,-71.7391596
665,106,EEE,Mosquito,Worcester,Douglas,9/4/23,42.0535947,-71.7391596
19,19,WNV,Mosquito,Hampden,East Longmeadow,7/15/24,42.064906,-72.5129296
77,77,WNV,Mosquito,Hampden,East Longmeadow,7/24/24,42.064906,-72.5129296
616,57,WNV,Mosquito,Hampden,East Longmeadow,8/16/23,42.064906,-72.5129296
647,88,WNV,Mosquito,Hampden,East Longmeadow,8/24/23,42.064906,-72.5129296
748,184,EEE,Mosquito,Hampden,East Longmeadow,9/29/23,42.064906,-72.5129296
533,77,WNV,Mosquito,Hampden,Granville,8/31/22,42.067095,-72.8611655
25,25,WNV,Mosquito,Plymouth,Pembroke,7/16/24,42.0714907,-70.8092074
154,154,WNV,Mosquito,Plymouth,Pembroke,7/30/24,42.0714907,-70.8092074
621,62,WNV,Mosquito,Plymouth,Pembroke,8/17/23,42.0714907,-70.8092074
371,371,WNV,Mosquito,Hampden,Wales,8/28/24,42.0727211,-72.2206002
14,14,WNV,Mosquito,Plymouth,Hanson,7/9/24,42.0751013,-70.8800423
511,55,WNV,Mosquito,Plymouth ,Hanson ,8/23/22,42.0751013,-70.8800423
657,98,EEE,Mosquito,Worcester,Southbridge,8/30/23,42.075191,-72.0331938
658,99,EEE,Mosquito,Worcester,Southbridge,8/30/23,42.075191,-72.0331938
659,100,EEE,Mosquito,Worcester,Southbridge,8/30/23,42.075191,-72.0331938
692,133,EEE,Mosquito,Worcester,Southbridge,9/11/23,42.075191,-72.0331938
693,134,EEE,Mosquito,Worcester,Southbridge,9/11/23,42.075191,-72.0331938
721,163,EEE,Mosquito,Worcester,Southbridge,9/20/23,42.075191,-72.0331938
103,103,EEE,Mosquito,Plymouth,Whitman,7/23/24,42.0806617,-70.935599
119,119,WNV,Mosquito,Plymouth,Whitman,7/23/24,42.0806617,-70.935599
120,120,WNV,Mosquito,Plymouth,Whitman,7/23/24,42.0806617,-70.935599
121,121,WNV,Mosquito,Plymouth,Whitman,7/23/24,42.0806617,-70.935599
122,122,WNV,Mosquito,Plymouth,Whitman,7/23/24,42.0806617,-70.935599
123,123,WNV,Mosquito,Plymouth,Whitman,7/23/24,42.0806617,-70.935599
124,124,WNV,Mosquito,Plymouth,Whitman,7/23/24,42.0806617,-70.935599
125,125,WNV,Mosquito,Plymouth,Whitman,7/23/24,42.0806617,-70.935599
126,126,WNV,Mosquito,Plymouth,Whitman,7/23/24,42.0806617,-70.935599
127,127,WNV,Mosquito,Plymouth,Whitman,7/23/24,42.0806617,-70.935599
128,128,WNV,Mosquito,Plymouth,Whitman,7/23/24,42.0806617,-70.935599
218,218,WNV,Mosquito,Plymouth,Whitman,8/6/24,42.0806617,-70.935599
219,219,WNV,Mosquito,Plymouth,Whitman,8/6/24,42.0806617,-70.935599
220,220,WNV,Mosquito,Plymouth,Whitman,8/6/24,42.0806617,-70.935599
221,221,WNV,Mosquito,Plymouth,Whitman,8/6/24,42.0806617,-70.935599
222,222,WNV,Mosquito,Plymouth,Whitman,8/6/24,42.0806617,-70.935599
223,223,WNV,Mosquito,Plymouth,Whitman,8/6/24,42.0806617,-70.935599
224,224,WNV,Mosquito,Plymouth,Whitman,8/6/24,42.0806617,-70.935599
225,225,WNV,Mosquito,Plymouth,Whitman,8/6/24,42.0806617,-70.935599
488,32,WNV,Mosquito,Plymouth,Whitman,8/9/22,42.0806617,-70.935599
510,54,WNV,Mosquito,Plymouth ,Whitman ,8/23/22,42.0806617,-70.935599
684,125,WNV,Mosquito,Plymouth,Whitman,9/6/23,42.0806617,-70.935599
719,161,WNV,Mosquito,Plymouth,Whitman,9/20/23,42.0806617,-70.935599
720,162,WNV,Mosquito,Plymouth,Whitman,9/20/23,42.0806617,-70.935599
59,59,WNV,Mosquito,Plymouth,Brockton,7/23/24,42.0834335,-71.0183787
60,60,WNV,Mosquito,Plymouth,Brockton,7/23/24,42.0834335,-71.0183787
61,61,WNV,Mosquito,Plymouth,Brockton,7/23/24,42.0834335,-71.0183787
232,232,WNV,Mosquito,Plymouth,Brockton,8/6/24,42.0834335,-71.0183787
233,233,WNV,Mosquito,Plymouth,Brockton,8/6/24,42.0834335,-71.0183787
234,234,WNV,Mosquito,Plymouth,Brockton,8/6/24,42.0834335,-71.0183787
235,235,WNV,Mosquito,Plymouth,Brockton,8/6/24,42.0834335,-71.0183787
236,236,WNV,Mosquito,Plymouth,Brockton,8/6/24,42.0834335,-71.0183787
237,237,WNV,Mosquito,Plymouth,Brockton,8/6/24,42.0834335,-71.0183787
238,238,WNV,Mosquito,Plymouth,Brockton,8/6/24,42.0834335,-71.0183787
239,239,WNV,Mosquito,Plymouth,Brockton,8/6/24,42.0834335,-71.0183787
240,240,WNV,Mosquito,Plymouth,Brockton,8/6/24,42.0834335,-71.0183787
241,241,WNV,Mosquito,Plymouth,Brockton,8/6/24,42.0834335,-71.0183787
242,242,WNV,Mosquito,Plymouth,Brockton,8/6/24,42.0834335,-71.0183787
243,243,WNV,Mosquito,Plymouth,Brockton,8/6/24,42.0834335,-71.0183787
244,244,WNV,Mosquito,Plymouth,Brockton,8/6/24,42.0834335,-71.0183787
245,245,WNV,Mosquito,Plymouth,Brockton,8/6/24,42.0834335,-71.0183787
246,246,WNV,Mosquito,Plymouth,Brockton,8/6/24,42.0834335,-71.0183787
524,68,WNV,Mosquito,Plymouth,Brockton,8/26/22,42.0834335,-71.0183787
525,69,WNV,Mosquito,Plymouth,Brockton,8/26/22,42.0834335,-71.0183787
526,70,WNV,Mosquito,Plymouth,Brockton,8/26/22,42.0834335,-71.0183787
682,123,WNV,Mosquito,Plymouth,Brockton,9/6/23,42.0834335,-71.0183787
683,124,WNV,Mosquito,Plymouth,Brockton,9/6/23,42.0834335,-71.0183787
145,145,WNV,Mosquito,Norfolk,Bellingham,7/31/24,42.0869493,-71.4746436
151,151,WNV,Mosquito,Plymouth,Marshfield,7/30/24,42.091769,-70.7055941
152,152,WNV,Mosquito,Plymouth,Marshfield,7/30/24,42.091769,-70.7055941
308,308,WNV,Mosquito,Plymouth,Marshfield,8/13/24,42.091769,-70.7055941
718,160,WNV,Mosquito,Plymouth,Marshfield,9/20/23,42.091769,-70.7055941
631,72,WNV,Mosquito,Hampden,Springfield,8/21/23,42.1018764,-72.5886727
752,188,EEE,Mosquito,Hampden,Springfield,10/4/23,42.1018764,-72.5886727
56,56,WNV,Mosquito,Plymouth,Abington,7/23/24,42.1048228,-70.9453218
57,57,WNV,Mosquito,Plymouth,Abington,7/23/24,42.1048228,-70.9453218
58,58,WNV,Mosquito,Plymouth,Abington,7/23/24,42.1048228,-70.9453218
94,94,EEE,Mosquito,Plymouth,Abington,7/23/24,42.1048228,-70.9453218
104,104,WNV,Mosquito,Plymouth,Abington,7/23/24,42.1048228,-70.9453218
105,105,WNV,Mosquito,Plymouth,Abington,7/23/24,42.1048228,-70.9453218
226,226,WNV,Mosquito,Plymouth,Abington,8/6/24,42.1048228,-70.9453218
227,227,WNV,Mosquito,Plymouth,Abington,8/6/24,42.1048228,-70.9453218
228,228,WNV,Mosquito,Plymouth,Abington,8/6/24,42.1048228,-70.9453218
229,229,WNV,Mosquito,Plymouth,Abington,8/6/24,42.1048228,-70.9453218
230,230,WNV,Mosquito,Plymouth,Abington,8/6/24,42.1048228,-70.9453218
231,231,WNV,Mosquito,Plymouth,Abington,8/6/24,42.1048228,-70.9453218
489,33,WNV,Mosquito,Plymouth,Abington,8/9/22,42.1048228,-70.9453218
680,121,WNV,Mosquito,Plymouth,Abington,9/6/23,42.1048228,-70.9453218
681,122,WNV,Mosquito,Plymouth,Abington,9/6/23,42.1048228,-70.9453218
146,146,WNV,Mosquito,Hampden,West Springfield,7/31/24,42.105237,-72.6213712
562,3,WNV,Mosquito,Hampden,West Springfield,7/14/23,42.105237,-72.6213712
566,7,WNV,Mosquito,Hampden,West Springfield,7/21/23,42.105237,-72.6213712
617,58,WNV,Mosquito,Hampden,West Springfield,8/16/23,42.105237,-72.6213712
725,167,EEE,Mosquito,Worcester,Mendon,9/20/23,42.1075708,-71.5535197
392,392,WNV,Mosquito,Berkshire,Sheffield,8/29/24,42.110474,-73.3533365
650,91,WNV,Mosquito,Berkshire,Sheffield,8/24/23,42.110474,-73.3533365
651,92,WNV,Mosquito,Berkshire,Sheffield,8/24/23,42.110474,-73.3533365
667,108,WNV,Mosquito,Berkshire,Sheffield,8/30/23,42.110474,-73.3533365
668,109,WNV,Mosquito,Berkshire,Sheffield,8/31/23,42.110474,-73.3533365
751,187,WNV,Mosquito,Berkshire,Sheffield,9/29/23,42.110474,-73.3533365
309,309,WNV,Mosquito,Plymouth,Hanover,8/13/24,42.1131572,-70.8119859
685,126,WNV,Mosquito,Plymouth,Hanover,9/6/23,42.1131572,-70.8119859
701,143,EEE,Mosquito,Hampden,Brimfield,9/13/23,42.1224026,-72.2003109
723,165,EEE,Mosquito,Hampden,Wilbraham,9/20/23,42.1229193,-72.4314583
754,190,EEE,Mosquito,Hampden,Wilbraham,10/9/23,42.1229193,-72.4314583
187,187,WNV,Mosquito,Norfolk,Stoughton,8/6/24,42.1252079,-71.1022015
344,344,WNV,Mosquito,Norfolk,Stoughton,8/20/24,42.1252079,-71.1022015
412,412,WNV,Mosquito,Norfolk,Stoughton,9/4/24,42.1252079,-71.1022015
9,9,WNV,Mosquito,Plymouth,Rockland,7/2/24,42.1306563,-70.9161551
113,113,WNV,Mosquito,Plymouth,Rockland,7/23/24,42.1306563,-70.9161551
114,114,WNV,Mosquito,Plymouth,Rockland,7/23/24,42.1306563,-70.9161551
115,115,WNV,Mosquito,Plymouth,Rockland,7/23/24,42.1306563,-70.9161551
116,116,WNV,Mosquito,Plymouth,Rockland,7/23/24,42.1306563,-70.9161551
117,117,WNV,Mosquito,Plymouth,Rockland,7/23/24,42.1306563,-70.9161551
487,31,WNV,Mosquito,Plymouth,Rockland,8/9/22,42.1306563,-70.9161551
73,73,WNV,Mosquito,Norfolk,Avon,7/23/24,42.1326216,-71.0401255
722,164,EEE,Mosquito,Worcester,Charlton,9/20/23,42.1340806,-71.9698085
613,54,WNV,Mosquito,Worcester,Milford,8/16/23,42.1428913,-71.5164618
749,185,EEE,Mosquito,Hampden,Chicopee,10/2/23,42.1487691,-72.6071119
688,129,EEE,Mosquito,Worcester,Sutton,9/11/23,42.1499283,-71.7629658
689,130,EEE,Mosquito,Worcester,Sutton,9/11/23,42.1499283,-71.7629658
690,131,EEE,Mosquito,Worcester,Sutton,9/11/23,42.1499283,-71.7629658
691,132,EEE,Mosquito,Worcester,Sutton,9/11/23,42.1499283,-71.7629658
313,313,WNV,Mosquito,Norfolk,Norfolk,8/14/24,42.1538607,-71.1828015
603,44,WNV,Mosquito,Worcester,Northbridge,8/10/23,42.154464,-71.651881
143,143,WNV,Mosquito,Norfolk,Holbrook,7/30/24,42.1552232,-71.008958
414,414,WNV,Mosquito,Norfolk,Holbrook,9/4/24,42.1552232,-71.008958
733,169,WNV,Mosquito,Hampden,Palmer,9/22/23,42.1574489,-72.3299783
194,194,WNV,Mosquito,Norfolk,Canton,8/6/24,42.1584324,-71.1447732
411,411,WNV,Mosquito,Norfolk,Canton,9/4/24,42.1584324,-71.1447732
664,105,WNV,Mosquito,Norfolk,Canton,8/30/23,42.1584324,-71.1447732
731,173,WNV,Mosquito,Norfolk,Canton,9/20/23,42.1584324,-71.1447732
314,314,WNV,Mosquito,Norfolk,Millis,8/14/24,42.1674963,-71.3572212
380,380,WNV,Mosquito,Norfolk,Millis,8/28/24,42.1674963,-71.3572212
417,417,WNV,Mosquito,Norfolk,Millis,9/4/24,42.1674963,-71.3572212
324,324,EEE,Mosquito,Worcester,Upton,8/19/24,42.1735557,-71.6030524
74,74,WNV,Mosquito,Norfolk,Medfield,7/25/24,42.1865609,-71.30546
315,315,WNV,Mosquito,Norfolk,Medfield,8/15/24,42.1865609,-71.30546
336,336,EEE,Mosquito,Norfolk,Medfield,8/22/24,42.1865609,-71.30546
481,25,WNV,Mosquito,Worcester,Millbury,8/5/22,42.1913817,-71.7603934
24,24,WNV,Mosquito,Plymouth,Scituate,7/16/24,42.1924492,-70.7261966
287,287,WNV,Mosquito,Plymouth,Scituate,8/13/24,42.1924492,-70.7261966
288,288,WNV,Mosquito,Plymouth,Scituate,8/13/24,42.1924492,-70.7261966
530,74,WNV,Mosquito,Plymouth,Scituate,8/30/22,42.1924492,-70.7261966
271,271,WNV,Mosquito,Berkshire,Otis,8/8/24,42.1940912,-73.0927371
327,327,WNV,Mosquito,Berkshire,Otis,8/15/24,42.1940912,-73.0927371
635,76,WNV,Mosquito,Berkshire,Otis,8/16/23,42.1940912,-73.0927371
343,343,WNV,Mosquito,Norfolk,Norwood,8/20/24,42.194543,-71.1994976
416,416,WNV,Mosquito,Norfolk,Norwood,9/4/24,42.194543,-71.1994976
445,445,WNV,Mosquito,Norfolk,Norwood,9/17/24,42.194543,-71.1994976
81,81,WNV,Mosquito,Worcester,Grafton,7/26/24,42.2063399,-71.6853877
76,76,WNV,Mosquito,Hampden,Holyoke,7/23/24,42.2071184,-72.6075851
583,24,WNV,Mosquito,Hampden,Holyoke,8/3/23,42.2071184,-72.6075851
72,72,WNV,Mosquito,Norfolk,Westwood,7/23/24,42.2186913,-71.2233829
432,432,WNV,Mosquito,Norfolk,Westwood,9/10/24,42.2186913,-71.2233829
70,70,WNV,Mosquito,Norfolk,Braintree,7/23/24,42.2205956,-71.0041229
190,190,WNV,Mosquito,Norfolk,Braintree,8/6/24,42.2205956,-71.0041229
191,191,WNV,Mosquito,Norfolk,Braintree,8/6/24,42.2205956,-71.0041229
192,192,WNV,Mosquito,Norfolk,Braintree,8/6/24,42.2205956,-71.0041229
381,381,WNV,Mosquito,Norfolk,Braintree,8/29/24,42.2205956,-71.0041229
434,434,WNV,Mosquito,Norfolk,Braintree,9/10/24,42.2205956,-71.0041229
435,435,WNV,Mosquito,Norfolk,Braintree,9/12/24,42.2205956,-71.0041229
735,171,EEE,Mosquito,Worcester,East Brookfield,9/25/23,42.226196,-72.0498162
149,149,WNV,Mosquito,Norfolk,Cohasset,7/30/24,42.2409727,-70.8035941
150,150,WNV,Mosquito,Norfolk,Cohasset,7/30/24,42.2409727,-70.8035941
528,72,WNV,Mosquito,Norfolk,Cohasset,8/30/22,42.2409727,-70.8035941
153,153,WNV,Mosquito,Plymouth,Hingham,7/30/24,42.2417669,-70.8897676
679,120,WNV,Mosquito,Plymouth,Hingham,9/6/23,42.2417669,-70.8897676
75,75,WNV,Mosquito,Norfolk,Dover,7/25/24,42.2452466,-71.2823588
197,197,WNV,Mosquito,Norfolk,Dover,8/8/24,42.2452466,-71.2823588
449,449,WNV,Mosquito,Norfolk,Dover,9/24/24,42.2452466,-71.2823588
634,75,WNV,Mosquito,Berkshire,Tyringham,8/16/23,42.2457687,-73.2040211
129,129,EEE,Mosquito,Norfolk,Dedham,7/30/24,42.2489143,-71.1755732
130,130,EEE,Mosquito,Norfolk,Dedham,7/30/24,42.2489143,-71.1755732
195,195,WNV,Mosquito,Norfolk,Dedham,8/6/24,42.2489143,-71.1755732
342,342,WNV,Mosquito,Norfolk,Dedham,8/20/24,42.2489143,-71.1755732
415,415,WNV,Mosquito,Norfolk,Dedham,9/4/24,42.2489143,-71.1755732
433,433,WNV,Mosquito,Norfolk,Dedham,9/10/24,42.2489143,-71.1755732
1,1,WNV,Mosquito,Norfolk,Quincy,6/25/24,42.2509914,-71.0037374
2,2,WNV,Mosquito,Norfolk,Quincy,6/25/24,42.2509914,-71.0037374
69,69,WNV,Mosquito,Norfolk,Quincy,7/23/24,42.2509914,-71.0037374
71,71,WNV,Mosquito,Norfolk,Quincy,7/23/24,42.2509914,-71.0037374
141,141,WNV,Mosquito,Norfolk,Quincy,7/30/24,42.2509914,-71.0037374
142,142,WNV,Mosquito,Norfolk,Quincy,7/30/24,42.2509914,-71.0037374
188,188,WNV,Mosquito,Norfolk,Quincy,8/6/24,42.2509914,-71.0037374
189,189,WNV,Mosquito,Norfolk,Quincy,8/6/24,42.2509914,-71.0037374
193,193,WNV,Mosquito,Norfolk,Quincy,8/6/24,42.2509914,-71.0037374
413,413,WNV,Mosquito,Norfolk,Quincy,9/4/24,42.2509914,-71.0037374
582,23,WNV,Mosquito,Norfolk,Quincy,8/2/23,42.2509914,-71.0037374
614,55,WNV,Mosquito,Norfolk,Quincy,8/16/23,42.2509914,-71.0037374
729,171,WNV,Mosquito,Norfolk,Quincy,9/20/23,42.2509914,-71.0037374
730,172,WNV,Mosquito,Norfolk,Quincy,9/20/23,42.2509914,-71.0037374
280,280,WNV,Mosquito,Suffolk,Hyde Park,8/8/24,42.2556543,-71.1244963
281,281,WNV,Mosquito,Suffolk,Hyde Park,8/13/24,42.2556543,-71.1244963
282,282,WNV,Mosquito,Suffolk,Hyde Park,8/13/24,42.2556543,-71.1244963
604,45,WNV,Mosquito,Hampshire,Granby,8/9/23,42.2570167,-72.5164772
575,16,WNV,Mosquito,Hampshire,South Hadley,7/26/23,42.2591392,-72.5751341
615,56,WNV,Mosquito,Hampshire,South Hadley,8/16/23,42.2591392,-72.5751341
671,112,WNV,Mosquito,Hampshire,South Hadley,8/30/23,42.2591392,-72.5751341
32,32,WNV,Mosquito,Worcester,Worcester,7/19/24,42.2625621,-71.8018877
33,33,WNV,Mosquito,Worcester,Worcester,7/19/24,42.2625621,-71.8018877
79,79,WNV,Mosquito,Worcester,Worcester,7/25/24,42.2625621,-71.8018877
80,80,WNV,Mosquito,Worcester,Worcester,7/25/24,42.2625621,-71.8018877
139,139,WNV,Mosquito,Worcester,Worcester,8/1/24,42.2625621,-71.8018877
140,140,WNV,Mosquito,Worcester,Worcester,8/2/24,42.2625621,-71.8018877
269,269,WNV,Mosquito,Worcester,Worcester,8/8/24,42.2625621,-71.8018877
312,312,WNV,Mosquito,Worcester,Worcester,8/16/24,42.2625621,-71.8018877
349,349,WNV,Mosquito,Worcester,Worcester,8/23/24,42.2625621,-71.8018877
394,394,WNV,Mosquito,Worcester,Worcester,8/30/24,42.2625621,-71.8018877
395,395,WNV,Mosquito,Worcester,Worcester,8/30/24,42.2625621,-71.8018877
408,408,WNV,Mosquito,Worcester,Worcester,9/6/24,42.2625621,-71.8018877
409,409,WNV,Mosquito,Worcester,Worcester,9/6/24,42.2625621,-71.8018877
480,24,WNV,Mosquito,Worcester,Worcester,8/5/22,42.2625621,-71.8018877
490,34,WNV,Mosquito,Worcester,Worcester,8/11/22,42.2625621,-71.8018877
491,35,WNV,Mosquito,Worcester,Worcester,8/11/22,42.2625621,-71.8018877
561,2,WNV,Mosquito,Worcester,Worcester,7/7/23,42.2625621,-71.8018877
565,6,WNV,Mosquito,Worcester,Worcester,7/20/23,42.2625621,-71.8018877
663,104,WNV,Mosquito,Worcester,Worcester,9/1/23,42.2625621,-71.8018877
705,147,WNV,Mosquito,Worcester,Worcester,9/12/23,42.2625621,-71.8018877
138,138,WNV,Mosquito,Worcester,Westborough,8/1/24,42.2694308,-71.6129907
284,284,WNV,Mosquito,Suffolk,Mattapan,8/13/24,42.2723208,-71.0869953
724,166,WNV,Mosquito,Hampshire,Belchertown,9/20/23,42.2772732,-72.4007966
87,87,WNV,Mosquito,Middlesex,Framingham,7/30/24,42.2773177,-71.4165905
589,30,WNV,Mosquito,Middlesex,Framingham,8/8/23,42.2773177,-71.4165905
590,31,WNV,Mosquito,Middlesex,Framingham,8/8/23,42.2773177,-71.4165905
654,95,WNV,Mosquito,Middlesex,Framingham,8/29/23,42.2773177,-71.4165905
196,196,WNV,Mosquito,Norfolk,Needham,8/6/24,42.2802645,-71.2360624
18,18,WNV,Mosquito,Middlesex,Natick,7/11/24,42.2836393,-71.346996
261,261,WNV,Mosquito,Middlesex,Natick,8/8/24,42.2836393,-71.346996
498,42,WNV,Mosquito,Middlesex,Natick,8/18/22,42.2836393,-71.346996
513,57,WNV,Mosquito,Middlesex,Natick,8/26/22,42.2836393,-71.346996
494,38,WNV,Mosquito,Norfolk,Wellesley,8/16/22,42.2964859,-71.2925571
591,32,WNV,Mosquito,Norfolk,Wellesley,8/8/23,42.2964859,-71.2925571
592,33,WNV,Mosquito,Norfolk,Wellesley,8/8/23,42.2964859,-71.2925571
291,291,WNV,Mosquito,Plymouth,Hull,8/13/24,42.3020436,-70.9078243
264,264,WNV,Mosquito,Worcester,Southborough,8/9/24,42.3056501,-71.5245087
670,111,WNV,Mosquito,Hampshire,Northampton,8/30/23,42.3178989,-72.6311006
732,168,WNV,Mosquito,Hampshire,Northampton,9/22/23,42.3178989,-72.6311006
263,263,WNV,Mosquito,Worcester,Northborough,8/8/24,42.3196015,-71.6422408
393,393,WNV,Mosquito,Berkshire,Becket,8/29/24,42.3323727,-73.0837627
35,35,WNV,Mosquito,Norfolk,Brookline,7/22/24,42.3329021,-71.1187421
471,15,WNV,Mosquito,Norfolk,Brookline,8/1/22,42.3329021,-71.1187421
472,16,WNV,Mosquito,Norfolk,Brookline,8/1/22,42.3329021,-71.1187421
473,17,WNV,Mosquito,Norfolk,Brookline,8/1/22,42.3329021,-71.1187421
502,46,WNV,Mosquito,Norfolk,Brookline,8/22/22,42.3329021,-71.1187421
504,48,WNV,Mosquito,Norfolk,Brookline,8/22/22,42.3329021,-71.1187421
505,49,WNV,Mosquito,Norfolk,Brookline,8/22/22,42.3329021,-71.1187421
506,50,WNV,Mosquito,Norfolk,Brookline,8/22/22,42.3329021,-71.1187421
514,58,WNV,Mosquito,Norfolk,Brookline,8/29/22,42.3329021,-71.1187421
515,59,WNV,Mosquito,Norfolk,Brookline,8/29/22,42.3329021,-71.1187421
560,1,WNV,Mosquito,Norfolk,Brookline,7/6/23,42.3329021,-71.1187421
623,64,WNV,Mosquito,Norfolk,Brookline,8/21/23,42.3329021,-71.1187421
423,423,WNV,Mosquito,Middlesex,Newton,9/5/24,42.3370414,-71.2092214
486,30,WNV,Mosquito,Middlesex,Newton,8/9/22,42.3370414,-71.2092214
532,76,WNV,Mosquito,Hampshire,Hadley,8/31/22,42.3424147,-72.5892108
576,17,WNV,Mosquito,Hampshire,Hadley,7/26/23,42.3424147,-72.5892108
34,34,WNV,Mosquito,Middlesex,Marlborough,7/19/24,42.3459271,-71.5522874
78,78,WNV,Mosquito,Middlesex,Marlborough,7/25/24,42.3459271,-71.5522874
285,285,WNV,Mosquito,Suffolk,Brighton,8/13/24,42.3473519,-71.15511187
255,255,WNV,Mosquito,Worcester,Boylston,8/9/24,42.3531706,-71.0645278
47,47,WNV,Mosquito,Suffolk,Boston,7/23/24,42.3554334,-71.060511
48,48,WNV,Mosquito,Suffolk,Boston,7/23/24,42.3554334,-71.060511
49,49,WNV,Mosquito,Suffolk,Boston,7/23/24,42.3554334,-71.060511
50,50,WNV,Mosquito,Suffolk,Boston,7/23/24,42.3554334,-71.060511
51,51,WNV,Mosquito,Suffolk,Boston,7/23/24,42.3554334,-71.060511
52,52,WNV,Mosquito,Suffolk,Boston,7/23/24,42.3554334,-71.060511
53,53,WNV,Mosquito,Suffolk,Boston,7/23/24,42.3554334,-71.060511
54,54,WNV,Mosquito,Suffolk,Boston,7/23/24,42.3554334,-71.060511
55,55,WNV,Mosquito,Suffolk,Boston,7/23/24,42.3554334,-71.060511
92,92,WNV,Mosquito,Suffolk,Boston,7/30/24,42.3554334,-71.060511
93,93,WNV,Mosquito,Suffolk,Boston,7/30/24,42.3554334,-71.060511
172,172,WNV,Mosquito,Suffolk,Boston,7/31/24,42.3554334,-71.060511
173,173,WNV,Mosquito,Suffolk,Boston,8/6/24,42.3554334,-71.060511
174,174,WNV,Mosquito,Suffolk,Boston,8/6/24,42.3554334,-71.060511
175,175,WNV,Mosquito,Suffolk,Boston,8/6/24,42.3554334,-71.060511
177,177,WNV,Mosquito,Suffolk,Boston,8/6/24,42.3554334,-71.060511
286,286,WNV,Mosquito,Suffolk,Boston,8/13/24,42.3554334,-71.060511
334,334,WNV,Mosquito,Suffolk,Boston,8/20/24,42.3554334,-71.060511
335,335,WNV,Mosquito,Suffolk,Boston,8/20/24,42.3554334,-71.060511
442,442,WNV,Mosquito,Suffolk,Boston,9/17/24,42.3554334,-71.060511
443,443,WNV,Mosquito,Suffolk,Boston,9/17/24,42.3554334,-71.060511
460,4,WNV,Mosquito,Suffolk,Boston,7/25/22,42.3554334,-71.060511
461,5,WNV,Mosquito,Suffolk,Boston,7/25/22,42.3554334,-71.060511
467,11,WNV,Mosquito,Suffolk,Boston,8/1/22,42.3554334,-71.060511
468,12,WNV,Mosquito,Suffolk,Boston,8/1/22,42.3554334,-71.060511
469,13,WNV,Mosquito,Suffolk,Boston,8/1/22,42.3554334,-71.060511
470,14,WNV,Mosquito,Suffolk,Boston,8/1/22,42.3554334,-71.060511
476,20,WNV,Mosquito,Suffolk,Boston,8/2/22,42.3554334,-71.060511
477,21,WNV,Mosquito,Suffolk,Boston,8/2/22,42.3554334,-71.060511
478,22,WNV,Mosquito,Suffolk,Boston,8/2/22,42.3554334,-71.060511
495,39,WNV,Mosquito,Suffolk,Boston,8/16/22,42.3554334,-71.060511
496,40,WNV,Mosquito,Suffolk,Boston,8/16/22,42.3554334,-71.060511
499,43,WNV,Mosquito,Suffolk,Boston,8/22/22,42.3554334,-71.060511
500,44,WNV,Mosquito,Suffolk,Boston,8/22/22,42.3554334,-71.060511
501,45,WNV,Mosquito,Suffolk,Boston,8/22/22,42.3554334,-71.060511
516,60,WNV,Mosquito,Suffolk,Boston,8/29/22,42.3554334,-71.060511
517,61,WNV,Mosquito,Suffolk,Boston,8/29/22,42.3554334,-71.060511
518,62,WNV,Mosquito,Suffolk,Boston,8/29/22,42.3554334,-71.060511
520,64,WNV,Mosquito,Suffolk,Boston,8/30/22,42.3554334,-71.060511
538,82,WNV,Mosquito,Suffolk,Boston,9/1/22,42.3554334,-71.060511
539,83,WNV,Mosquito,Suffolk,Boston,9/1/22,42.3554334,-71.060511
540,84,WNV,Mosquito,Suffolk,Boston,9/1/22,42.3554334,-71.060511
541,85,WNV,Mosquito,Suffolk,Boston,9/1/22,42.3554334,-71.060511
542,86,WNV,Mosquito,Suffolk,Boston,9/1/22,42.3554334,-71.060511
543,87,WNV,Mosquito,Suffolk,Boston,9/1/22,42.3554334,-71.060511
547,91,WNV,Mosquito,Suffolk,Boston,9/8/22,42.3554334,-71.060511
548,92,WNV,Mosquito,Suffolk,Boston,9/13/22,42.3554334,-71.060511
549,93,WNV,Mosquito,Suffolk,Boston,9/13/22,42.3554334,-71.060511
550,94,WNV,Mosquito,Suffolk,Boston,9/13/22,42.3554334,-71.060511
551,95,WNV,Mosquito,Suffolk,Boston,9/13/22,42.3554334,-71.060511
563,4,WNV,Mosquito,Suffolk,Boston,7/18/23,42.3554334,-71.060511
593,34,WNV,Mosquito,Suffolk,Boston,8/3/23,42.3554334,-71.060511
594,35,WNV,Mosquito,Suffolk,Boston,8/3/23,42.3554334,-71.060511
595,36,WNV,Mosquito,Suffolk,Boston,8/3/23,42.3554334,-71.060511
596,37,WNV,Mosquito,Suffolk,Boston,8/3/23,42.3554334,-71.060511
597,38,WNV,Mosquito,Suffolk,Boston,8/3/23,42.3554334,-71.060511
598,39,WNV,Mosquito,Suffolk,Boston,8/3/23,42.3554334,-71.060511
609,50,WNV,Mosquito,Suffolk,Boston,8/15/23,42.3554334,-71.060511
610,51,WNV,Mosquito,Suffolk,Boston,8/15/23,42.3554334,-71.060511
611,52,WNV,Mosquito,Suffolk,Boston,8/15/23,42.3554334,-71.060511
640,81,WNV,Mosquito,Suffolk,Boston,8/22/23,42.3554334,-71.060511
641,82,WNV,Mosquito,Suffolk,Boston,8/22/23,42.3554334,-71.060511
655,96,WNV,Mosquito,Suffolk,Boston,8/29/23,42.3554334,-71.060511
672,113,WNV,Mosquito,Suffolk,Boston,8/30/23,42.3554334,-71.060511
673,114,WNV,Mosquito,Suffolk,Boston,8/29/23,42.3554334,-71.060511
695,136,WNV,Mosquito,Suffolk,Boston,9/7/23,42.3554334,-71.060511
696,137,WNV,Mosquito,Suffolk,Boston,9/7/23,42.3554334,-71.060511
697,138,WNV,Mosquito,Suffolk,Boston,9/7/23,42.3554334,-71.060511
698,139,WNV,Mosquito,Suffolk,Boston,9/7/23,42.3554334,-71.060511
715,157,WNV,Mosquito,Suffolk,Boston,9/13/23,42.3554334,-71.060511
283,283,WNV,Mosquito,Suffolk,Allston,8/13/24,42.3555375,-71.1327494
21,21,WNV,Mosquito,Middlesex,Wayland,7/16/24,42.3632063,-71.3606721
359,359,WNV,Mosquito,Middlesex,Watertown,8/22/24,42.3652518,-71.1843236
360,360,WNV,Mosquito,Middlesex,Watertown,8/22/24,42.3652518,-71.1843236
568,9,WNV,Mosquito,Middlesex,Watertown,7/25/23,42.3652518,-71.1843236
569,10,WNV,Mosquito,Middlesex,Watertown,7/25/23,42.3652518,-71.1843236
570,11,WNV,Mosquito,Middlesex,Watertown,7/25/23,42.3652518,-71.1843236
571,12,WNV,Mosquito,Middlesex,Watertown,7/25/23,42.3652518,-71.1843236
572,13,WNV,Mosquito,Middlesex,Watertown,7/25/23,42.3652518,-71.1843236
573,14,WNV,Mosquito,Middlesex,Watertown,7/25/23,42.3652518,-71.1843236
12,12,WNV,Mosquito,Middlesex,Cambridge,7/9/24,42.3656347,-71.1040018
42,42,WNV,Mosquito,Berkshire,Richmond,7/19/24,42.3723379,-73.3678063
353,353,WNV,Mosquito,Berkshire,Richmond,8/27/24,42.3723379,-73.3678063
354,354,WNV,Mosquito,Berkshire,Richmond,8/27/24,42.3723379,-73.3678063
427,427,WNV,Mosquito,Berkshire,Richmond,9/10/24,42.3723379,-73.3678063
608,49,WNV,Mosquito,Berkshire,Richmond,8/10/23,42.3723379,-73.3678063
669,110,WNV,Mosquito,Berkshire,Richmond,8/31/23,42.3723379,-73.3678063
747,183,WNV,Mosquito,Hampshire,Amherst,9/28/23,42.3731948,-72.5198761
364,364,WNV,Mosquito,Suffolk,Winthrop,8/26/24,42.3746525,-70.9825807
404,404,WNV,Mosquito,Suffolk,Winthrop,9/4/24,42.3746525,-70.9825807
440,440,WNV,Mosquito,Middlesex,Waltham,9/11/24,42.3756401,-71.2358004
464,8,WNV,Mosquito,Middlesex,Waltham,7/26/22,42.3756401,-71.2358004
578,19,WNV,Mosquito,Middlesex,Waltham,8/1/23,42.3756401,-71.2358004
579,20,WNV,Mosquito,Middlesex,Waltham,8/1/23,42.3756401,-71.2358004
580,21,WNV,Mosquito,Middlesex,Waltham,8/1/23,42.3756401,-71.2358004
531,75,WNV,Mosquito,Worcester,Rutland,8/31/22,42.3767722,-71.9543851
274,274,EEE,Mosquito,Middlesex,Sudbury,8/8/24,42.3834278,-71.4161725
275,275,EEE,Mosquito,Middlesex,Sudbury,8/8/24,42.3834278,-71.4161725
329,329,EEE,Mosquito,Middlesex,Sudbury,8/20/24,42.3834278,-71.4161725
330,330,EEE,Mosquito,Middlesex,Sudbury,8/20/24,42.3834278,-71.4161725
331,331,EEE,Mosquito,Middlesex,Sudbury,8/20/24,42.3834278,-71.4161725
332,332,EEE,Mosquito,Middlesex,Sudbury,8/20/24,42.3834278,-71.4161725
400,400,EEE,Mosquito,Middlesex,Sudbury,8/29/24,42.3834278,-71.4161725
401,401,EEE,Mosquito,Middlesex,Sudbury,8/29/24,42.3834278,-71.4161725
402,402,EEE,Mosquito,Middlesex,Sudbury,8/29/24,42.3834278,-71.4161725
403,403,WNV,Mosquito,Middlesex,Sudbury,8/29/24,42.3834278,-71.4161725
462,6,WNV,Mosquito,Middlesex,Somerville,7/25/22,42.3875968,-71.0994968
465,9,WNV,Mosquito,Middlesex,Somerville,8/1/22,42.3875968,-71.0994968
466,10,WNV,Mosquito,Middlesex,Somerville,8/1/22,42.3875968,-71.0994968
474,18,WNV,Mosquito,Middlesex,Somerville,8/1/22,42.3875968,-71.0994968
503,47,WNV,Mosquito,Middlesex,Somerville,8/22/22,42.3875968,-71.0994968
553,97,WNV,Mosquito,Middlesex,Somerville ,9/19/22,42.3875968,-71.0994968
176,176,WNV,Mosquito,Suffolk,Chelsea,8/6/24,42.3912241,-71.0369301
521,65,WNV,Mosquito,Suffolk ,Chelsea,8/30/22,42.3912241,-71.0369301
357,357,WNV,Mosquito,Middlesex,Belmont,8/22/24,42.3959296,-71.1786655
358,358,WNV,Mosquito,Middlesex,Belmont,8/22/24,42.3959296,-71.1786655
276,276,WNV,Mosquito,Middlesex,Everett,8/13/24,42.40843,-71.0536625
179,179,WNV,Mosquito,Suffolk,Revere,8/5/24,42.4084302,-71.0119948
356,356,WNV,Mosquito,Middlesex,Arlington,8/22/24,42.4153739,-71.1564428
437,437,WNV,Mosquito,Middlesex,Medford,9/11/24,42.4184296,-71.1061639
438,438,WNV,Mosquito,Middlesex,Medford,9/11/24,42.4184296,-71.1061639
439,439,WNV,Mosquito,Middlesex,Medford,9/11/24,42.4184296,-71.1061639
484,28,WNV,Mosquito,Middlesex,Medford,8/9/22,42.4184296,-71.1061639
485,29,WNV,Mosquito,Middlesex,Medford,8/9/22,42.4184296,-71.1061639
17,17,WNV,Mosquito,Worcester,Clinton,7/11/24,42.4212463,-71.6874099
410,410,WNV,Mosquito,Worcester,Clinton,9/6/24,42.4212463,-71.6874099
277,277,WNV,Mosquito,Middlesex,Malden,8/13/24,42.4268484,-71.0683741
266,266,WNV,Mosquito,Middlesex,Stow,8/8/24,42.4365949,-71.5050009
270,270,WNV,Mosquito,Berkshire,Hinsdale,8/6/24,42.4388574,-73.1251513
272,272,WNV,Mosquito,Berkshire,Pittsfield,8/9/24,42.4484778,-73.2541069
326,326,WNV,Mosquito,Berkshire,Pittsfield,8/14/24,42.4484778,-73.2541069
390,390,WNV,Mosquito,Berkshire,Pittsfield,8/28/24,42.4484778,-73.2541069
391,391,WNV,Mosquito,Berkshire,Pittsfield,8/28/24,42.4484778,-73.2541069
436,436,WNV,Mosquito,Berkshire,Pittsfield,9/13/24,42.4484778,-73.2541069
564,5,WNV,Mosquito,Berkshire,Pittsfield,7/7/23,42.4484778,-73.2541069
574,15,WNV,Mosquito,Berkshire,Pittsfield,7/18/23,42.4484778,-73.2541069
588,29,WNV,Mosquito,Berkshire,Pittsfield,8/8/23,42.4484778,-73.2541069
607,48,WNV,Mosquito,Berkshire,Pittsfield,8/9/23,42.4484778,-73.2541069
666,107,WNV,Mosquito,Berkshire,Pittsfield,8/30/23,42.4484778,-73.2541069
712,154,WNV,Mosquito,Berkshire,Pittsfield,9/13/23,42.4484778,-73.2541069
166,166,WNV,Mosquito,Middlesex,Melrose,8/6/24,42.4564323,-71.064182
167,167,WNV,Mosquito,Middlesex,Melrose,8/6/24,42.4564323,-71.064182
168,168,WNV,Mosquito,Middlesex,Melrose,8/6/24,42.4564323,-71.064182
422,422,EEE,Mosquito,Middlesex,Concord,9/5/24,42.4605189,-71.3488963
424,424,EEE,Mosquito,Middlesex,Concord,9/10/24,42.4605189,-71.3488963
88,88,WNV,Mosquito,Essex,Saugus,7/29/24,42.4648183,-71.010051
178,178,WNV,Mosquito,Essex,Saugus,8/5/24,42.4648183,-71.010051
365,365,WNV,Mosquito,Essex,Saugus,8/26/24,42.4648183,-71.010051
448,448,WNV,Mosquito,Essex,Lynn,9/25/24,42.466763,-70.9494939
428,428,WNV,Mosquito,Essex,Swampscott,9/9/24,42.4699241,-70.9171507
63,63,WNV,Mosquito,Middlesex,Woburn,7/24/24,42.4792618,-71.1522766
181,181,WNV,Mosquito,Middlesex,Woburn,8/7/24,42.4792618,-71.1522766
268,268,WNV,Mosquito,Middlesex,Woburn,8/12/24,42.4792618,-71.1522766
492,36,WNV,Mosquito,Middlesex,Woburn,8/15/22,42.4792618,-71.1522766
586,27,WNV,Mosquito,Middlesex,Woburn,8/7/23,42.4792618,-71.1522766
169,169,WNV,Mosquito,Middlesex,Stoneham,8/6/24,42.4802635,-71.0993581
265,265,WNV,Mosquito,Middlesex,Stoneham,8/12/24,42.4802635,-71.0993581
482,26,WNV,Mosquito,Middlesex,Stoneham,8/8/22,42.4802635,-71.0993581
587,28,WNV,Mosquito,Middlesex,Stoneham,8/7/23,42.4802635,-71.0993581
744,180,WNV,Mosquito,Middlesex,Stoneham,9/20/23,42.4802635,-71.0993581
85,85,WNV,Mosquito,Middlesex,Bedford,7/24/24,42.4917301,-71.2817947
86,86,WNV,Mosquito,Middlesex,Burlington,7/24/24,42.5048167,-71.1956111
165,165,WNV,Mosquito,Middlesex,Burlington,7/31/24,42.5048167,-71.1956111
577,18,WNV,Mosquito,Middlesex,Burlington,8/1/23,42.5048167,-71.1956111
170,170,WNV,Mosquito,Middlesex,Wakefield,8/6/24,42.506484,-71.0728306
171,171,WNV,Mosquito,Middlesex,Wakefield,8/6/24,42.506484,-71.0728306
363,363,WNV,Mosquito,Middlesex,Wakefield,8/27/24,42.506484,-71.0728306
637,78,WNV,Mosquito,Middlesex,Wakefield,8/22/23,42.506484,-71.0728306
638,79,WNV,Mosquito,Middlesex,Wakefield,8/22/23,42.506484,-71.0728306
546,90,WNV,Mosquito,Berkshire,Lanesborough,9/13/22,42.5190218,-73.2277841
278,278,WNV,Mosquito,Middlesex,Reading,8/13/24,42.5260297,-71.1020262
636,77,WNV,Mosquito,Middlesex,Reading,8/22/23,42.5260297,-71.1020262
256,256,WNV,Mosquito,Worcester,Leominster,8/6/24,42.5267443,-71.7614891
459,3,WNV,Mosquito,Essex,Lynnfield,7/18/22,42.5389836,-71.0481084
753,189,WNV,Mosquito,Franklin,Deerfield,10/5/23,42.5442595,-72.6044771
743,179,WNV,Mosquito,Worcester,Westminster,9/25/23,42.5447687,-71.9108454
254,254,WNV,Mosquito,Middlesex,Billerica,8/7/24,42.5584264,-71.268947
678,119,WNV,Mosquito,Middlesex,Ayer,9/6/23,42.5595807,-71.5882561
361,361,EEE,Mosquito,Middlesex,North Reading,8/27/24,42.5750939,-71.0786653
362,362,EEE,Mosquito,Middlesex,North Reading,8/27/24,42.5750939,-71.0786653
452,452,EEE,Mosquito,Worcester,Gardner,10/1/24,42.5763523,-71.9952737
372,372,WNV,Mosquito,Franklin,Greenfield,8/28/24,42.5876342,-72.6002068
144,144,WNV,Mosquito,Norfolk,Franklin,7/31/24,42.5896205,-72.6110645
639,80,WNV,Mosquito,Essex,Middleton,8/21/23,42.5951005,-71.0159146
602,43,WNV,Mosquito,Middlesex,Chelmsford,8/10/23,42.5968617,-71.3517602
267,267,WNV,Mosquito,Middlesex,Tewksbury,8/6/24,42.6106479,-71.2342248
756,192,WNV,Human,Middlesex,Tewksbury,11/1/23,42.6106479,-71.2342248
137,137,WNV,Mosquito,Middlesex,Lowell,7/31/24,42.6414437,-71.3085329
257,257,WNV,Mosquito,Middlesex,Lowell,8/6/24,42.6414437,-71.3085329
258,258,WNV,Mosquito,Middlesex,Lowell,8/6/24,42.6414437,-71.3085329
259,259,WNV,Mosquito,Middlesex,Lowell,8/9/24,42.6414437,-71.3085329
260,260,WNV,Mosquito,Middlesex,Lowell,8/9/24,42.6414437,-71.3085329
644,85,WNV,Mosquito,Middlesex,Lowell,8/25/23,42.6414437,-71.3085329
645,86,WNV,Mosquito,Middlesex,Lowell,8/25/23,42.6414437,-71.3085329
646,87,WNV,Mosquito,Middlesex,Lowell,8/25/23,42.6414437,-71.3085329
714,156,WNV,Mosquito,Essex,Andover,9/18/23,42.65717,-71.1408776
441,441,WNV,Mosquito,Essex,Boxford,9/16/24,42.6625764,-70.9977456
31,31,WNV,Mosquito,Middlesex,Dracut,7/16/24,42.6687673,-71.3034107
333,333,WNV,Mosquito,Essex,Ipswich,8/20/24,42.679273,-70.8411583
660,101,WNV,Mosquito,Essex,Lawrence,8/30/23,42.7070354,-71.1631137
508,52,WNV,Mosquito,Essex,Rowley,8/23/22,42.7136977,-70.8818364
325,325,WNV,Mosquito,Berkshire,Clarksburg,8/14/24,42.726592,-73.1056814
426,426,WNV,Mosquito,Berkshire,Clarksburg,9/5/24,42.726592,-73.1056814
43,43,WNV,Mosquito,Essex,Haverhill,7/22/24,42.7777829,-71.0767724
44,44,WNV,Mosquito,Essex,Haverhill ,7/22/24,42.7777829,-71.0767724
45,45,WNV,Mosquito,Essex,Haverhill ,7/22/24,42.7777829,-71.0767724
89,89,EEE,Mosquito,Essex,Haverhill,7/30/24,42.7777829,-71.0767724
90,90,WNV,Mosquito,Essex,Haverhill,7/30/24,42.7777829,-71.0767724
279,279,WNV,Mosquito,Essex,Haverhill,8/12/24,42.7777829,-71.0767724
475,19,WNV,Mosquito,Essex,Haverhill,8/1/22,42.7777829,-71.0767724
567,8,WNV,Mosquito,Essex,Haverhill,7/24/23,42.7777829,-71.0767724
674,115,WNV,Mosquito,Essex,Haverhill,9/6/23,42.7777829,-71.0767724
694,135,WNV,Mosquito,Essex,Haverhill,9/11/23,42.7777829,-71.0767724
180,180,WNV,Mosquito,Essex,Newburyport,8/6/24,42.8132845,-70.8819188
91,91,EEE,Mosquito,Essex,Amesbury,7/30/24,42.8579536,-70.9300921